"1-к. квартира, 44,9 м², 17/20 эт.",6500000,р-н Центральный,44.9,144766,1,кирпичный,20,17, сдан
"4-к. квартира, 122 м², 1/8 эт.",6070500,р-н Зареченский,122,49758,4,блочный,8,1, сдан
"2-к. квартира, 79,2 м², 2/9 эт.",6769035,р-н Зареченский,79.2,85468,2,монолитный,9,2, сдан
"2-к. квартира, 76 м², 1/9 эт.",6700000,р-н Зареченский,76,88158,2,кирпичный,9,1, сдан
"2-к. квартира, 80,2 м², 3/9 эт.",6856245,р-н Зареченский,80.2,85489,2,кирпичный,9,3, сдан
"Своб. планировка, 108,3 м², 8/9 эт.",18080000,р-н Советский,108.3,166944,111,монолитный,9,8, сдан
"1-к. квартира, 39 м², 7/15 эт.",4490000,р-н Привокзальный,39,115128,1,кирпичный,15,7, сдан
"1-к. квартира, 46,2 м², 2/14 эт.",3696000,р-н Центральный,46.2,80000,1,монолитный,14,2, 4 кв. 2024 года
"1-к. квартира, 27 м², 14/25 эт.",2700000,р-н Привокзальный,27,100000,1,монолитный,25,14, 4 кв. 2024 года
"1-к. квартира, 45,8 м², 14/14 эт.",3650000,р-н Центральный,45.8,79694,1,монолитный,14,14, 4 кв. 2024 года
"2-к. квартира, 61,1 м², 6/14 эт.",5100000,р-н Центральный,61.1,83470,2,кирпичный,14,6, 4 кв. 2024 года
"3-к. квартира, 90,2 м², 6/14 эт.",6765000,р-н Центральный,90.2,75000,3,кирпичный,14,6, 4 кв. 2024 года
"1-к. квартира, 34,1 м², 8/8 эт.",3399000,р-н Пролетарский,34.1,99677,1,монолитно-кирпичный,8,8, 4 кв. 2023 года
"2-к. квартира, 58,3 м², 5/8 эт.",4956000,р-н Пролетарский,58.3,85009,2,монолитно-кирпичный,8,5, 4 кв. 2023 года
"3-к. квартира, 123 м², 7/16 эт.",18800000,р-н Советский,123,152846,3,монолитно-кирпичный,16,7, 4 кв. 2022 года
"1-к. квартира, 53,2 м², 2/16 эт.",8450000,р-н Советский,53.2,158835,1,кирпичный,16,2, 4 кв. 2022 года
"1-к. квартира, 33,1 м², 22/22 эт.",3541700,р-н Привокзальный,33.1,107000,1,монолитный,22,22, 3 кв. 2024 года
"2-к. квартира, 58 м², 3/22 эт.",5510000,р-н Привокзальный,58,95000,2,монолитный,22,3, 3 кв. 2024 года
"2-к. квартира, 47,3 м², 2/22 эт.",4540800,р-н Привокзальный,47.3,96000,2,монолитный,22,2, 3 кв. 2024 года
"1-к. квартира, 33,8 м², 2/22 эт.",3654720,р-н Привокзальный,33.8,108128,1,монолитный,22,2, 3 кв. 2024 года
"Квартира-студия, 24,7 м², 18/22 эт.",3060320,р-н Привокзальный,44766,123900,0,монолитный,22,18, 3 кв. 2024 года
"1-к. квартира, 33,6 м², 19/22 эт.",3691600,р-н Привокзальный,33.6,109869,1,монолитный,22,19, 3 кв. 2024 года
"2-к. квартира, 51,9 м², 3/22 эт.",4977600,р-н Привокзальный,51.9,95908,2,монолитный,22,3, 3 кв. 2024 года
"1-к. квартира, 35 м², 7/7 эт.",3500000,р-н Центральный,35,100000,1,монолитно-кирпичный,7,7," 3 кв. 2021 года, сдача не подтверждена"
"2-к. квартира, 90,2 м², 2/9 эт.",12630800,р-н Советский,90.2,140031,2,монолитный,9,2, 2 кв. 2024 года
"3-к. квартира, 81,5 м², 5/8 эт.",11811700,р-н Советский,81.5,144929,3,монолитно-кирпичный,8,5, 2 кв. 2024 года
"3-к. квартира, 82,1 м², 13/22 эт.",5890000,р-н Центральный,82.1,71742,3,монолитно-кирпичный,22,13, 4 кв. 2022 года
"2-к. квартира, 48,3 м², 13/22 эт.",4000000,р-н Центральный,48.3,82816,2,монолитно-кирпичный,22,13, 4 кв. 2022 года
"2-к. квартира, 61,9 м², 12/22 эт.",4890000,р-н Центральный,61.9,78998,2,монолитно-кирпичный,22,12, 4 кв. 2022 года
"1-к. квартира, 47,1 м², 15/22 эт.",4200000,р-н Центральный,47.1,89172,1,монолитный,22,15, 4 кв. 2022 года
"1-к. квартира, 41,7 м², 15/22 эт.",4480000,р-н Центральный,41.7,107434,1,монолитно-кирпичный,22,15, 4 кв. 2022 года
"3-к. квартира, 82,1 м², 10/22 эт.",5889000,р-н Центральный,82.1,71730,3,монолитно-кирпичный,22,10, 4 кв. 2022 года
"3-к. квартира, 85,4 м², 4/8 эт.",7429000,р-н Пролетарский,85.4,86991,3,монолитно-кирпичный,8,4, сдан
"2-к. квартира, 52,7 м², 5/8 эт.",4580000,р-н Пролетарский,52.7,86907,2,монолитно-кирпичный,8,5, сдан
"2-к. квартира, 52,7 м², 5/8 эт.",4580000,р-н Пролетарский,52.7,86907,2,монолитно-кирпичный,8,5, сдан
"1-к. квартира, 36 м², 7/8 эт.",3400000,р-н Пролетарский,36,94444,1,монолитно-кирпичный,8,7, сдан
"3-к. квартира, 64,5 м², 2/8 эт.",5550000,р-н Пролетарский,64.5,86047,3,кирпичный,8,2, сдан
"2-к. квартира, 53,5 м², 2/8 эт.",4350000,р-н Пролетарский,53.5,81308,2,монолитный,8,2, 4 кв. 2023 года
"2-к. квартира, 53,8 м², 7/8 эт.",4480000,р-н Пролетарский,53.8,83271,2,монолитный,8,7, 4 кв. 2023 года
"Квартира-студия, 30,6 м², 7/8 эт.",3369000,р-н Пролетарский,44742,110098,0,монолитный,8,7, 4 кв. 2023 года
"2-к. квартира, 54 м², 2/8 эт.",4600000,р-н Пролетарский,54,85185,2,монолитный,8,2, 4 кв. 2023 года
"2-к. квартира, 53,1 м², 5/8 эт.",4800000,р-н Пролетарский,53.1,90395,2,монолитно-кирпичный,8,5, 4 кв. 2023 года
"4-к. квартира, 88 м², 4/8 эт.",7522000,р-н Пролетарский,88,85477,4,кирпичный,8,4, 3 кв. 2023 года
"2-к. квартира, 57,2 м², 8/8 эт.",4800000,р-н Пролетарский,57.2,83916,2,монолитно-кирпичный,8,8, 3 кв. 2023 года
"1-к. квартира, 39,1 м², 5/8 эт.",3900000,р-н Пролетарский,39.1,99744,1,монолитный,8,5, 3 кв. 2023 года
"2-к. квартира, 58,3 м², 2/8 эт.",4950000,р-н Пролетарский,58.3,84906,2,монолитно-кирпичный,8,2, 3 кв. 2023 года
"1-к. квартира, 37,5 м², 7/8 эт.",3549000,р-н Пролетарский,37.5,94640,1,монолитный,8,7, 3 кв. 2023 года
"1-к. квартира, 47,7 м², 4/8 эт.",4470000,р-н Пролетарский,47.7,93711,1,кирпичный,8,4, 3 кв. 2023 года
"2-к. квартира, 58,3 м², 2/8 эт.",4500000,р-н Пролетарский,58.3,77187,2,монолитно-кирпичный,8,2, 3 кв. 2023 года
"3-к. квартира, 61,7 м², 1/8 эт.",5642000,р-н Пролетарский,61.7,91442,3,монолитный,8,1, 3 кв. 2023 года
"2-к. квартира, 36,9 м², 2/8 эт.",3500000,р-н Пролетарский,36.9,94851,2,блочный,8,2, 3 кв. 2022 года
"1-к. квартира, 36 м², 7/8 эт.",3450000,р-н Пролетарский,36,95833,1,монолитно-кирпичный,8,7, 3 кв. 2022 года
"1-к. квартира, 36 м², 3/8 эт.",3700000,р-н Пролетарский,36,102778,1,монолитный,8,3, 3 кв. 2022 года
"1-к. квартира, 36,9 м², 4/8 эт.",3450000,р-н Пролетарский,36.9,93496,1,монолитный,8,4, 3 кв. 2022 года
"1-к. квартира, 37,4 м², 5/8 эт.",3320000,р-н Пролетарский,37.4,88770,1,монолитный,8,5, 3 кв. 2022 года
"1-к. квартира, 36,9 м², 4/8 эт.",3390000,р-н Пролетарский,36.9,91870,1,монолитный,8,4, 3 кв. 2022 года
"2-к. квартира, 52,9 м², 4/8 эт.",4680000,р-н Пролетарский,52.9,88469,2,монолитный,8,4, 3 кв. 2022 года
"1-к. квартира, 44,5 м², 19/23 эт.",3950000,р-н Центральный,44.5,88764,1,монолитно-кирпичный,23,19, 2 кв. 2022 года
"2-к. квартира, 59 м², 21/22 эт.",4750000,р-н Центральный,59,80508,2,кирпичный,22,21, сдан
"2-к. квартира, 61 м², 12/14 эт.",5350000,р-н Центральный,61,87705,2,панельный,14,12, 4 кв. 2023 года
"1-к. квартира, 47 м², 3/14 эт.",4550000,р-н Центральный,47,96809,1,панельный,14,3, 2 кв. 2022 года
"3-к. квартира, 63,8 м², 11/14 эт.",5550000,р-н Центральный,63.8,86991,3,кирпичный,14,11, 4 кв. 2023 года
"2-к. квартира, 57,7 м², 9/14 эт.",4780000,р-н Центральный,57.7,82842,2,монолитно-кирпичный,14,9, 4 кв. 2023 года
"1-к. квартира, 38,9 м², 19/22 эт.",3680000,р-н Центральный,38.9,94602,1,монолитно-кирпичный,22,19, 2 кв. 2022 года
"2-к. квартира, 58,1 м², 15/22 эт.",4950000,р-н Центральный,58.1,85198,2,монолитный,22,15, 2 кв. 2022 года
"2-к. квартира, 59,2 м², 16/22 эт.",4900000,р-н Центральный,59.2,82770,2,монолитный,22,16, 2 кв. 2022 года
"2-к. квартира, 59,2 м², 22/23 эт.",4990000,р-н Центральный,59.2,84291,2,монолитный,23,22, 2 кв. 2022 года
"2-к. квартира, 63 м², 9/22 эт.",4770000,р-н Центральный,63,75714,2,монолитный,22,9, 4 кв. 2023 года
"2-к. квартира, 59,2 м², 20/22 эт.",5490000,р-н Центральный,59.2,92736,2,кирпичный,22,20, 2 кв. 2022 года
"2-к. квартира, 44 м², 20/22 эт.",4050000,р-н Центральный,44,92045,2,кирпичный,22,20, 2 кв. 2022 года
"2-к. квартира, 64,4 м², 4/9 эт.",4990000,р-н Привокзальный,64.4,77484,2,монолитный,9,4, 3 кв. 2023 года
"1-к. квартира, 36 м², 7/9 эт.",2800000,р-н Привокзальный,36,77778,1,монолитный,9,7, 3 кв. 2023 года
"2-к. квартира, 64,4 м², 6/9 эт.",4900000,р-н Привокзальный,64.4,76087,2,монолитно-кирпичный,9,6, 3 кв. 2023 года
"2-к. квартира, 41,5 м², 1/9 эт.",3409000,р-н Привокзальный,41.5,82145,2,монолитно-кирпичный,9,1, 3 кв. 2023 года
"2-к. квартира, 59,1 м², 6/9 эт.",4590000,р-н Привокзальный,59.1,77665,2,монолитный,9,6, 3 кв. 2023 года
"2-к. квартира, 47,2 м², 9/9 эт.",3800000,р-н Привокзальный,47.2,80508,2,монолитный,9,9, 3 кв. 2023 года
"1-к. квартира, 36 м², 1/5 эт.",3050000,р-н Привокзальный,36,84722,1,монолитный,5,1, 4 кв. 2022 года
"1-к. квартира, 41 м², 1/5 эт.",3249000,р-н Привокзальный,41,79244,1,монолитный,5,1, 4 кв. 2022 года
"1-к. квартира, 32 м², 3/5 эт.",3250000,р-н Привокзальный,32,101563,1,монолитный,5,3, 4 кв. 2022 года
"2-к. квартира, 71 м², 3/4 эт.",5929130,р-н Привокзальный,71,83509,2,монолитный,4,3, 4 кв. 2022 года
"1-к. квартира, 33,6 м², 4/5 эт.",2899000,р-н Привокзальный,33.6,86280,1,кирпичный,5,4, 4 кв. 2022 года
"2-к. квартира, 61,3 м², 2/5 эт.",5250000,р-н Привокзальный,61.3,85644,2,кирпичный,5,2, 4 кв. 2022 года
"2-к. квартира, 44 м², 5/5 эт.",3999000,р-н Привокзальный,44,90886,2,монолитный,5,5, 4 кв. 2022 года
"2-к. квартира, 57,7 м², 2/5 эт.",4299000,р-н Привокзальный,57.7,74506,2,монолитный,5,2, 4 кв. 2022 года
"1-к. квартира, 36,9 м², 1/12 эт.",4555000,р-н Центральный,36.9,123442,1,монолитный,12,1, сдан
"2-к. квартира, 64,2 м², 10/16 эт.",5937975,р-н Центральный,64.2,92492,2,монолитный,16,10, 1 кв. 2024 года
"Квартира-студия, 28,2 м², 2/12 эт.",3200000,р-н Центральный,44620,113475,0,монолитно-кирпичный,12,2, 1 кв. 2024 года
"2-к. квартира, 63 м², 8/14 эт.",5399000,р-н Центральный,63,85698,2,монолитный,14,8, 1 кв. 2024 года
"3-к. квартира, 75,9 м², 7/9 эт.",7190000,р-н Центральный,75.9,94730,3,монолитный,9,7, 1 кв. 2024 года
"Квартира-студия, 30,6 м², 6/9 эт.",3450000,р-н Центральный,44742,112745,0,монолитно-кирпичный,9,6, 1 кв. 2024 года
"Квартира-студия, 28,2 м², 11/12 эт.",3200000,р-н Центральный,44620,113475,0,монолитно-кирпичный,12,11, 1 кв. 2024 года
"2-к. квартира, 63 м², 10/14 эт.",5150000,р-н Центральный,63,81746,2,монолитный,14,10, 1 кв. 2024 года
"Квартира-студия, 31 м², 4/14 эт.",3800000,р-н Центральный,31,122581,0,монолитно-кирпичный,14,4, 1 кв. 2024 года
"2-к. квартира, 63 м², 10/16 эт.",6169000,р-н Центральный,63,97921,2,кирпичный,16,10, 1 кв. 2024 года
"3-к. квартира, 63 м², 4/14 эт.",5300000,р-н Центральный,63,84127,3,монолитно-кирпичный,14,4, 1 кв. 2024 года
"3-к. квартира, 88 м², 12/16 эт.",7965000,р-н Центральный,88,90511,3,кирпичный,16,12, 1 кв. 2024 года
"3-к. квартира, 63,1 м², 6/14 эт.",5300000,р-н Центральный,63.1,83994,3,кирпичный,14,6, 1 кв. 2024 года
"2-к. квартира, 63 м², 2/12 эт.",6199000,р-н Центральный,63,98397,2,монолитно-кирпичный,12,2, 1 кв. 2024 года
"2-к. квартира, 62 м², 2/16 эт.",5969000,р-н Центральный,62,96274,2,монолитно-кирпичный,16,2, 1 кв. 2023 года
"1-к. квартира, 45 м², 2/16 эт.",4549000,р-н Центральный,45,101089,1,монолитно-кирпичный,16,2, 1 кв. 2023 года
"2-к. квартира, 53,8 м², 1/14 эт.",4745000,р-н Центральный,53.8,88197,2,монолитно-кирпичный,14,1, 1 кв. 2023 года
"Квартира-студия, 30,6 м², 13/16 эт.",3499000,р-н Центральный,44742,114346,0,монолитно-кирпичный,16,13, 1 кв. 2023 года
"2-к. квартира, 53,4 м², 13/14 эт.",5350000,р-н Центральный,53.4,100187,2,монолитно-кирпичный,14,13, сдан
"1-к. квартира, 38 м², 8/17 эт.",3700000,р-н Центральный,38,97368,1,монолитно-кирпичный,17,8, 1 кв. 2023 года
"3-к. квартира, 54 м², 7/8 эт.",4990000,р-н Привокзальный,54,92407,3,монолитно-кирпичный,8,7, 4 кв. 2023 года
"2-к. квартира, 56,4 м², 7/9 эт.",4900000,р-н Привокзальный,56.4,86879,2,монолитно-кирпичный,9,7, 4 кв. 2023 года
"1-к. квартира, 38,4 м², 7/9 эт.",3390000,р-н Привокзальный,38.4,88281,1,монолитный,9,7, 4 кв. 2023 года
"1-к. квартира, 36,7 м², 3/9 эт.",3499000,р-н Привокзальный,36.7,95341,1,монолитно-кирпичный,9,3, 4 кв. 2023 года
"4-к. квартира, 69 м², 4/7 эт.",6570000,р-н Привокзальный,69,95217,4,монолитный,7,4, 2 кв. 2023 года
"1-к. квартира, 38,4 м², 7/9 эт.",3390000,р-н Привокзальный,38.4,88281,1,монолитный,9,7, 4 кв. 2023 года
"3-к. квартира, 64 м², 20/22 эт.",6399000,р-н Центральный,64,99984,3,кирпичный,22,20, сдан
"1-к. квартира, 44 м², 15/22 эт.",4399000,р-н Центральный,44,99977,1,кирпичный,22,15, сдан
"2-к. квартира, 62,3 м², 8/22 эт.",6500000,р-н Центральный,62.3,104334,2,монолитный,22,8, 2 кв. 2022 года
"1-к. квартира, 42,5 м², 19/22 эт.",4990000,р-н Центральный,42.5,117412,1,монолитно-кирпичный,22,19, 2 кв. 2022 года
"1-к. квартира, 42,6 м², 15/22 эт.",5100000,р-н Центральный,42.6,119718,1,монолитный,22,15, сдан
"2-к. квартира, 64 м², 20/22 эт.",6600000,р-н Центральный,64,103125,2,кирпичный,22,20, 2 кв. 2022 года
"3-к. квартира, 85,4 м², 18/22 эт.",8300000,р-н Центральный,85.4,97190,3,монолитный,22,18, сдан
"1-к. квартира, 45,9 м², 5/23 эт.",4950000,р-н Привокзальный,45.9,107843,1,кирпичный,23,5, 4 кв. 2022 года
"3-к. квартира, 87,7 м², 6/25 эт.",7885871,р-н Привокзальный,87.7,89919,3,монолитно-кирпичный,25,6, 2 кв. 2024 года
"2-к. квартира, 48 м², 11/22 эт.",5000000,р-н Привокзальный,48,104167,2,монолитный,22,11, 4 кв. 2022 года
"2-к. квартира, 43,5 м², 16/22 эт.",4500000,р-н Привокзальный,43.5,103448,2,монолитно-кирпичный,22,16, сдан
"3-к. квартира, 66 м², 11/14 эт.",5890000,р-н Центральный,66,89242,3,монолитный,14,11, сдан
"3-к. квартира, 74,2 м², 14/14 эт.",5800000,р-н Центральный,74.2,78167,3,монолитный,14,14, сдан
"2-к. квартира, 53,7 м², 5/14 эт.",5350000,р-н Центральный,53.7,99628,2,монолитный,14,5, сдан
"1-к. квартира, 34 м², 8/10 эт.",3250000,р-н Зареченский,34,95588,1,кирпичный,10,8, 4 кв. 2024 года
"Квартира-студия, 28,5 м², 2/10 эт.",3100000,р-н Зареченский,44709,108772,0,кирпичный,10,2, 4 кв. 2024 года
"Квартира-студия, 28 м², 5/10 эт.",2650000,р-н Зареченский,28,94643,0,монолитный,10,5, 4 кв. 2024 года
"Квартира-студия, 27,5 м², 7/10 эт.",2650000,р-н Зареченский,44708,96364,0,монолитный,10,7, 4 кв. 2024 года
"1-к. квартира, 34 м², 2/10 эт.",3250000,р-н Зареченский,34,95588,1,монолитно-кирпичный,10,2, 4 кв. 2024 года
"2-к. квартира, 50,9 м², 10/11 эт.",4630000,р-н Зареченский,50.9,90963,2,блочный,11,10, 4 кв. 2024 года
"1-к. квартира, 34 м², 4/10 эт.",3370000,р-н Зареченский,34,99118,1,монолитно-кирпичный,10,4, 4 кв. 2024 года
"3-к. квартира, 51,7 м², 4/10 эт.",4600000,р-н Зареченский,51.7,88975,3,монолитно-кирпичный,10,4, 4 кв. 2024 года
"1-к. квартира, 41,4 м², 1/10 эт.",4300000,р-н Зареченский,41.4,103865,1,монолитный,10,1, 2 кв. 2023 года
"1-к. квартира, 41,1 м², 2/10 эт.",4100000,р-н Зареченский,41.1,99757,1,монолитно-кирпичный,10,2, 2 кв. 2023 года
"3-к. квартира, 65,5 м², 7/10 эт.",6085816,р-н Зареченский,65.5,92913,3,кирпичный,10,7, 2 кв. 2023 года
"2-к. квартира, 34 м², 8/10 эт.",3880000,р-н Зареченский,34,114118,2,кирпичный,10,8, 4 кв. 2023 года
"1-к. квартира, 33,8 м², 9/10 эт.",3550000,р-н Зареченский,33.8,105030,1,монолитный,10,9, 4 кв. 2023 года
"Квартира-студия, 27,5 м², 6/10 эт.",3190000,р-н Зареченский,44708,116000,0,монолитный,10,6, 4 кв. 2023 года
"1-к. квартира, 27,5 м², 2/10 эт.",2996950,р-н Зареченский,44708,108980,1,монолитный,10,2, 4 кв. 2023 года
"1-к. квартира, 39,3 м², 8/10 эт.",4090180,р-н Зареченский,39.3,104076,1,кирпичный,10,8, 3 кв. 2026 года
"3-к. квартира, 51,7 м², 2/10 эт.",4600000,р-н Зареченский,51.7,88975,3,монолитный,10,2, 4 кв. 2023 года
"Квартира-студия, 27,5 м², 3/10 эт.",2900000,р-н Зареченский,44708,105455,0,монолитно-кирпичный,10,3, 4 кв. 2023 года
"Квартира-студия, 27,8 м², 3/10 эт.",2700000,р-н Зареченский,44800,97122,0,монолитный,10,3, 4 кв. 2023 года
"Квартира-студия, 27,5 м², 7/10 эт.",2750000,р-н Зареченский,44708,100000,0,кирпичный,10,7, 4 кв. 2023 года
"Квартира-студия, 27,5 м², 4/10 эт.",2900000,р-н Зареченский,44708,105455,0,монолитно-кирпичный,10,4, 4 кв. 2023 года
"2-к. квартира, 68,1 м², 13/17 эт.",5346635,р-н Пролетарский,68.1,78512,2,кирпичный,17,13, сдан
"1-к. квартира, 58,4 м², 6/13 эт.",6500000,р-н Советский,58.4,111301,1,монолитный,13,6, сдан
"1-к. квартира, 39,6 м², 3/3 эт.",3673454,р-н Привокзальный,39.6,92764,1,монолитный,3,3, сдан
"1-к. квартира, 39,4 м², 2/3 эт.",3571058,р-н Привокзальный,39.4,90636,1,монолитный,3,2, сдан
"1-к. квартира, 35,5 м², 2/3 эт.",3291951,р-н Привокзальный,35.5,92731,1,монолитный,3,2, сдан
"2-к. квартира, 50,1 м², 3/3 эт.",4358700,р-н Привокзальный,50.1,87000,2,монолитный,3,3, сдан
"2-к. квартира, 49,4 м², 3/3 эт.",4308915,р-н Привокзальный,49.4,87225,2,монолитный,3,3, сдан
"1-к. квартира, 30 м², 1/3 эт.",2544000,р-н Привокзальный,30,84800,1,монолитный,3,1, сдан
"1-к. квартира, 31,7 м², 1/3 эт.",2688160,р-н Привокзальный,44773,84800,1,монолитный,3,1, сдан
"1-к. квартира, 36,1 м², 3/3 эт.",3353293,р-н Привокзальный,36.1,92889,1,монолитный,3,3, сдан
"2-к. квартира, 41,3 м², 3/3 эт.",4325432,р-н Привокзальный,41.3,104732,2,монолитный,3,3, сдан
"2-к. квартира, 49,1 м², 3/3 эт.",4282748,р-н Привокзальный,49.1,87225,2,монолитный,3,3, сдан
"2-к. квартира, 41,3 м², 3/3 эт.",4325432,р-н Привокзальный,41.3,104732,2,кирпичный,3,3, сдан
"2-к. квартира, 44,7 м², 1/3 эт.",3742508,р-н Привокзальный,44.7,83725,2,монолитный,3,1, сдан
"1-к. квартира, 31,7 м², 1/3 эт.",3233400,р-н Привокзальный,44773,102000,1,монолитный,3,1, сдан
"2-к. квартира, 41,2 м², 1/3 эт.",3658560,р-н Привокзальный,41.2,88800,2,монолитный,3,1, сдан
"1-к. квартира, 31,6 м², 3/3 эт.",2749200,р-н Привокзальный,31.6,87000,1,монолитный,3,3, сдан
"2-к. квартира, 41,2 м², 3/3 эт.",3592187,р-н Привокзальный,41.2,87189,2,монолитный,3,3, сдан
"1-к. квартира, 31,8 м², 3/3 эт.",2798400,р-н Привокзальный,44804,88000,1,монолитный,3,3, сдан
"2-к. квартира, 50,2 м², 3/3 эт.",4327943,р-н Привокзальный,50.2,86214,2,монолитный,3,3, сдан
"1-к. квартира, 35,5 м², 3/3 эт.",3230500,р-н Привокзальный,35.5,91000,1,монолитный,3,3, сдан
"2-к. квартира, 47,7 м², 1/3 эт.",4041383,р-н Привокзальный,47.7,84725,2,монолитный,3,1, сдан
"2-к. квартира, 47 м², 1/3 эт.",3775000,р-н Привокзальный,47,80319,2,кирпичный,3,1, сдан
"1-к. квартира, 31,5 м², 3/3 эт.",2740500,р-н Привокзальный,44712,87000,1,монолитный,3,3, сдан
"2-к. квартира, 45 м², 2/3 эт.",4101120,р-н Привокзальный,45,91136,2,монолитный,3,2, сдан
"1-к. квартира, 36,8 м², 1/3 эт.",3061760,р-н Привокзальный,36.8,83200,1,монолитный,3,1, сдан
"2-к. квартира, 52,7 м², 2/3 эт.",4897885,р-н Привокзальный,52.7,92939,2,монолитный,3,2, сдан
"1-к. квартира, 39,5 м², 1/3 эт.",3560925,р-н Привокзальный,39.5,90150,1,монолитный,3,1, сдан
"2-к. квартира, 41,1 м², 2/3 эт.",3801750,р-н Привокзальный,41.1,92500,2,монолитный,3,2, сдан
"2-к. квартира, 47,8 м², 1/3 эт.",4588800,р-н Привокзальный,47.8,96000,2,кирпичный,3,1, сдан
"2-к. квартира, 63,2 м², 1/3 эт.",6098800,р-н Привокзальный,63.2,96500,2,кирпичный,3,1, сдан
"1-к. квартира, 36,7 м², 1/3 эт.",3078726,р-н Привокзальный,36.7,83889,1,монолитный,3,1, сдан
"1-к. квартира, 39,7 м², 3/3 эт.",3374500,р-н Привокзальный,39.7,85000,1,кирпичный,3,3, сдан
"1-к. квартира, 31,8 м², 3/3 эт.",2766600,р-н Привокзальный,44804,87000,1,монолитный,3,3, сдан
"2-к. квартира, 44,5 м², 1/3 эт.",3789620,р-н Привокзальный,44.5,85160,2,монолитный,3,1, сдан
"2-к. квартира, 50,2 м², 1/3 эт.",4113288,р-н Привокзальный,50.2,81938,2,монолитный,3,1, сдан
"1-к. квартира, 30,6 м², 3/3 эт.",2723400,р-н Привокзальный,44742,89000,1,монолитный,3,3, сдан
"1-к. квартира, 32 м², 2/3 эт.",3411200,р-н Привокзальный,32,106600,1,монолитный,3,2, сдан
"2-к. квартира, 44,7 м², 2/3 эт.",4738200,р-н Привокзальный,44.7,106000,2,монолитный,3,2, сдан
"1-к. квартира, 35,4 м², 3/3 эт.",3061711,р-н Привокзальный,35.4,86489,1,монолитный,3,3, сдан
"1-к. квартира, 39,5 м², 1/3 эт.",3261713,р-н Привокзальный,39.5,82575,1,монолитный,3,1, сдан
"2-к. квартира, 46,9 м², 3/3 эт.",4043437,р-н Привокзальный,46.9,86214,2,монолитный,3,3, сдан
"1-к. квартира, 36,9 м², 3/3 эт.",3247200,р-н Привокзальный,36.9,88000,1,монолитный,3,3, сдан
"2-к. квартира, 47,8 м², 1/3 эт.",4049855,р-н Привокзальный,47.8,84725,2,монолитный,3,1, сдан
"2-к. квартира, 54,3 м², 3/3 эт.",4845406,р-н Привокзальный,54.3,89234,2,монолитный,3,3, сдан
"1-к. квартира, 35,7 м², 3/3 эт.",3641400,р-н Привокзальный,35.7,102000,1,монолитный,3,3, сдан
"1-к. квартира, 32,5 м², 2/3 эт.",3090000,р-н Привокзальный,32.5,95077,1,кирпичный,3,2, сдан
"1-к. квартира, 36,8 м², 1/3 эт.",3142315,р-н Привокзальный,36.8,85389,1,монолитный,3,1, сдан
"2-к. квартира, 47,6 м², 3/3 эт.",4175710,р-н Привокзальный,47.6,87725,2,монолитный,3,3, сдан
"1-к. квартира, 36,2 м², 2/3 эт.",3362980,р-н Привокзальный,36.2,92900,1,монолитный,3,2, сдан
"1-к. квартира, 36 м², 1/3 эт.",3024000,р-н Привокзальный,36,84000,1,монолитный,3,1, сдан
"2-к. квартира, 41 м², 3/3 эт.",3554249,р-н Привокзальный,41,86689,2,монолитный,3,3, сдан
"2-к. квартира, 45 м², 1/3 эт.",3742200,р-н Привокзальный,45,83160,2,монолитный,3,1, сдан
"1-к. квартира, 29,9 м², 2/3 эт.",2780700,р-н Привокзальный,44833,93000,1,монолитный,3,2, сдан
"2-к. квартира, 45,1 м², 3/3 эт.",3910801,р-н Привокзальный,45.1,86714,2,монолитный,3,3, сдан
"2-к. квартира, 50,4 м², 3/3 эт.",4384800,р-н Привокзальный,50.4,87000,2,монолитный,3,3, сдан
"2-к. квартира, 46,8 м², 2/3 эт.",4303634,р-н Привокзальный,46.8,91958,2,монолитный,3,2, сдан
"1-к. квартира, 31,8 м², 1/3 эт.",2718900,р-н Привокзальный,44804,85500,1,монолитный,3,1, сдан
"1-к. квартира, 31,7 м², 3/3 эт.",3268270,р-н Привокзальный,44773,103100,1,монолитный,3,3, сдан
"1-к. квартира, 39,7 м², 3/3 эт.",3436591,р-н Привокзальный,39.7,86564,1,монолитный,3,3, сдан
"2-к. квартира, 44,9 м², 2/3 эт.",4090884,р-н Привокзальный,44.9,91111,2,монолитный,3,2, сдан
"2-к. квартира, 46,5 м², 3/3 эт.",4008951,р-н Привокзальный,46.5,86214,2,монолитный,3,3, сдан
"2-к. квартира, 49,5 м², 3/3 эт.",4317638,р-н Привокзальный,49.5,87225,2,монолитный,3,3, сдан
"1-к. квартира, 31,7 м², 1/3 эт.",2725820,р-н Привокзальный,44773,85988,1,монолитный,3,1, сдан
"1-к. квартира, 39,9 м², 1/3 эт.",3781523,р-н Привокзальный,39.9,94775,1,монолитный,3,1, сдан
"2-к. квартира, 47,6 м², 1/3 эт.",4032910,р-н Привокзальный,47.6,84725,2,монолитный,3,1, сдан
"1-к. квартира, 40 м², 3/3 эт.",3520000,р-н Привокзальный,40,88000,1,монолитный,3,3, сдан
"1-к. квартира, 36,2 м², 3/3 эт.",3201890,р-н Привокзальный,36.2,88450,1,монолитный,3,3, сдан
"1-к. квартира, 36,1 м², 2/3 эт.",3834578,р-н Привокзальный,36.1,106221,1,монолитный,3,2, сдан
"1-к. квартира, 40 м², 10/25 эт.",4500000,р-н Привокзальный,40,112500,1,монолитный,25,10, 2 кв. 2024 года
"2-к. квартира, 40,4 м², 16/26 эт.",4500000,р-н Привокзальный,40.4,111386,2,монолитный,26,16, 2 кв. 2024 года
"1-к. квартира, 40 м², 24/25 эт.",4900000,р-н Привокзальный,40,122500,1,монолитно-кирпичный,25,2, 2 кв. 2023 года
"1-к. квартира, 50,2 м², 2/5 эт.",3964630,р-н Привокзальный,50.2,78977,1,кирпичный,5,1, 2 кв. 2023 года
"3-к. квартира, 91,5 м², 1/5 эт.",6658675,р-н Привокзальный,91.5,72772,3,кирпичный,5,1, 2 кв. 2023 года
"3-к. квартира, 92,9 м², 1/5 эт.",6761635,р-н Привокзальный,92.9,72784,3,кирпичный,5,2, 2 кв. 2023 года
"1-к. квартира, 50,3 м², 2/5 эт.",3971560,р-н Привокзальный,50.3,78957,1,кирпичный,5,3, 2 кв. 2023 года
"1-к. квартира, 49,5 м², 3/5 эт.",3961000,р-н Привокзальный,49.5,80020,1,кирпичный,5,2, 2 кв. 2023 года
"2-к. квартира, 74,4 м², 2/5 эт.",5541200,р-н Привокзальный,74.4,74478,2,кирпичный,5,1, 2 кв. 2023 года
"1-к. квартира, 49,5 м², 1/5 эт.",3862000,р-н Привокзальный,49.5,78020,1,кирпичный,5,2, 2 кв. 2023 года
"1-к. квартира, 52,3 м², 2/5 эт.",4124020,р-н Привокзальный,52.3,78853,1,кирпичный,5,4, 2 кв. 2023 года
"1-к. квартира, 49,7 м², 4/5 эт.",3926900,р-н Привокзальный,49.7,79012,1,кирпичный,5,1, 2 кв. 2023 года
"3-к. квартира, 90,8 м², 1/5 эт.",6612200,р-н Привокзальный,90.8,72822,3,кирпичный,5,1, 2 кв. 2023 года
"3-к. квартира, 90,8 м², 1/5 эт.",6612200,р-н Привокзальный,90.8,72822,3,кирпичный,5,1, 2 кв. 2023 года
"3-к. квартира, 80,5 м², 1/5 эт.",5875750,р-н Привокзальный,80.5,72991,3,кирпичный,5,3, 2 кв. 2023 года
"2-к. квартира, 66,1 м², 3/5 эт.",5001400,р-н Привокзальный,66.1,75664,2,кирпичный,5,1, 2 кв. 2023 года
"3-к. квартира, 91,5 м², 1/5 эт.",6658675,р-н Привокзальный,91.5,72772,3,кирпичный,5,4, 2 кв. 2023 года
"3-к. квартира, 78,6 м², 4/5 эт.",5815600,р-н Привокзальный,78.6,73990,3,кирпичный,5,2, 2 кв. 2023 года
"2-к. квартира, 64 м², 2/5 эт.",4782000,р-н Привокзальный,64,74719,2,кирпичный,5,1, 2 кв. 2023 года
"1-к. квартира, 41,3 м², 1/5 эт.",3238800,р-н Привокзальный,41.3,78421,1,кирпичный,5,1, 2 кв. 2023 года
"3-к. квартира, 91,9 м², 1/5 эт.",6690850,р-н Привокзальный,91.9,72806,3,кирпичный,5,1, 2 кв. 2023 года
"3-к. квартира, 87 м², 1/5 эт.",6336925,р-н Привокзальный,87,72838,3,кирпичный,5,1, 2 кв. 2023 года
"1-к. квартира, 52,3 м², 1/5 эт.",4071760,р-н Привокзальный,52.3,77854,1,кирпичный,5,4, 2 кв. 2023 года
"2-к. квартира, 77,4 м², 4/5 эт.",5760200,р-н Привокзальный,77.4,74421,2,кирпичный,5,1, 2 кв. 2023 года
"3-к. квартира, 91,9 м², 1/5 эт.",6690850,р-н Привокзальный,91.9,72806,3,кирпичный,5,4, 2 кв. 2023 года
"2-к. квартира, 68,9 м², 4/5 эт.",5139700,р-н Привокзальный,68.9,74597,2,кирпичный,5,5, 2 кв. 2023 года
"2-к. квартира, 66,9 м², 5/5 эт.",4993700,р-н Привокзальный,66.9,74644,2,монолитно-кирпичный,5,1, 2 кв. 2023 года
"1-к. квартира, 43 м², 1/5 эт.",3365720,р-н Привокзальный,43,78273,1,кирпичный,5,2, 2 кв. 2023 года
"1-к. квартира, 50,3 м², 2/5 эт.",3971560,р-н Привокзальный,50.3,78957,1,монолитно-кирпичный,5,1, 2 кв. 2023 года
"3-к. квартира, 91,5 м², 1/5 эт.",6658675,р-н Привокзальный,91.5,72772,3,кирпичный,5,4, 2 кв. 2023 года
"2-к. квартира, 77,4 м², 4/5 эт.",5760200,р-н Привокзальный,77.4,74421,2,кирпичный,5,1, 2 кв. 2023 года
"3-к. квартира, 92,9 м², 1/5 эт.",6761635,р-н Привокзальный,92.9,72784,3,кирпичный,5,3, 2 кв. 2023 года
"1-к. квартира, 53,7 м², 3/5 эт.",4288600,р-н Привокзальный,53.7,79862,1,кирпичный,5,5, 2 кв. 2023 года
"2-к. квартира, 77,4 м², 5/5 эт.",5682800,р-н Привокзальный,77.4,73421,2,кирпичный,5,3, 2 кв. 2023 года
"1-к. квартира, 41,3 м², 3/5 эт.",3322960,р-н Привокзальный,41.3,80459,1,кирпичный,5,5, 2 кв. 2023 года
"1-к. квартира, 38,7 м², 5/5 эт.",2850000,р-н Привокзальный,38.7,73643,1,кирпичный,5,2, 2 кв. 2023 года
"1-к. квартира, 52,2 м², 2/5 эт.",4119400,р-н Привокзальный,52.2,78916,1,кирпичный,5,4, 2 кв. 2023 года
"2-к. квартира, 68,9 м², 4/5 эт.",5139700,р-н Привокзальный,68.9,74597,2,кирпичный,5,4, 2 кв. 2023 года
"3-к. квартира, 83,7 м², 4/5 эт.",6188250,р-н Привокзальный,83.7,73934,3,кирпичный,5,5, 2 кв. 2023 года
"2-к. квартира, 66,9 м², 5/5 эт.",4926800,р-н Привокзальный,66.9,73644,2,кирпичный,5,1, 2 кв. 2023 года
"1-к. квартира, 39,5 м², 1/5 эт.",3102000,р-н Привокзальный,39.5,78532,1,кирпичный,5,3, 2 кв. 2023 года
"1-к. квартира, 50,3 м², 3/5 эт.",4021840,р-н Привокзальный,50.3,79957,1,кирпичный,5,1, 2 кв. 2023 года
"3-к. квартира, 91,9 м², 1/5 эт.",6690850,р-н Привокзальный,91.9,72806,3,кирпичный,5,5, 2 кв. 2023 года
"3-к. квартира, 80,5 м², 5/5 эт.",5875750,р-н Привокзальный,80.5,72991,3,кирпичный,5,1, 2 кв. 2023 года
"3-к. квартира, 91,5 м², 1/5 эт.",6658675,р-н Привокзальный,91.5,72772,3,кирпичный,5,5, 2 кв. 2023 года
"3-к. квартира, 83,7 м², 5/5 эт.",6104550,р-н Привокзальный,83.7,72934,3,кирпичный,5,1, 2 кв. 2023 года
"2-к. квартира, 77,5 м², 1/5 эт.",5686400,р-н Привокзальный,77.5,73373,2,кирпичный,5,1, 2 кв. 2023 года
"3-к. квартира, 90,3 м², 1/5 эт.",6579310,р-н Привокзальный,90.3,72861,3,кирпичный,5,1, 2 кв. 2023 года
"3-к. квартира, 92,9 м², 1/5 эт.",6761635,р-н Привокзальный,92.9,72784,3,кирпичный,5,4, 2 кв. 2023 года
"2-к. квартира, 67,8 м², 4/5 эт.",5060130,р-н Привокзальный,67.8,74633,2,кирпичный,5,5, 2 кв. 2023 года
"1-к. квартира, 40 м², 5/5 эт.",3140760,р-н Привокзальный,40,78519,1,кирпичный,5,2, 2 кв. 2023 года
"1-к. квартира, 50,3 м², 2/5 эт.",3971560,р-н Привокзальный,50.3,78957,1,кирпичный,5,5, 2 кв. 2023 года
"2-к. квартира, 68,1 м², 5/5 эт.",5010320,р-н Привокзальный,68.1,73573,2,кирпичный,5,5, 2 кв. 2023 года
"1-к. квартира, 38,6 м², 5/5 эт.",2850000,р-н Привокзальный,38.6,73834,1,кирпичный,5,5, 2 кв. 2023 года
"1-к. квартира, 38,6 м², 5/5 эт.",2850000,р-н Привокзальный,38.6,73834,1,кирпичный,5,2, 2 кв. 2023 года
"3-к. квартира, 80,5 м², 2/5 эт.",5956250,р-н Привокзальный,80.5,73991,3,кирпичный,5,5, 2 кв. 2023 года
"2-к. квартира, 66,1 м², 5/5 эт.",4869200,р-н Привокзальный,66.1,73664,2,кирпичный,5,2, 2 кв. 2023 года
"1-к. квартира, 49,7 м², 2/5 эт.",3926900,р-н Привокзальный,49.7,79012,1,кирпичный,5,2, 2 кв. 2023 года
"2-к. квартира, 64,1 м², 2/5 эт.",4789300,р-н Привокзальный,64.1,74716,2,кирпичный,5,5, 2 кв. 2023 года
"2-к. квартира, 64,1 м², 5/5 эт.",4597000,р-н Привокзальный,64.1,71716,2,монолитно-кирпичный,5,3, 2 кв. 2023 года
"1-к. квартира, 52,2 м², 3/5 эт.",4171600,р-н Привокзальный,52.2,79916,1,кирпичный,5,4, 2 кв. 2023 года
"1-к. квартира, 53,7 м², 4/5 эт.",4234900,р-н Привокзальный,53.7,78862,1,кирпичный,5,4, 2 кв. 2023 года
"2-к. квартира, 64,2 м², 4/5 эт.",4793680,р-н Привокзальный,64.2,74668,2,кирпичный,5,5, 2 кв. 2023 года
"3-к. квартира, 81,1 м², 5/5 эт.",5918650,р-н Привокзальный,81.1,72980,3,кирпичный,5,2, 2 кв. 2023 года
"2-к. квартира, 68,9 м², 2/5 эт.",5139700,р-н Привокзальный,68.9,74597,2,кирпичный,5,1, 2 кв. 2023 года
"3-к. квартира, 90,3 м², 1/5 эт.",6579310,р-н Привокзальный,90.3,72861,3,кирпичный,5,1, 2 кв. 2023 года
"1-к. квартира, 39,8 м², 1/5 эт.",3127840,р-н Привокзальный,39.8,78589,1,кирпичный,5,4, 2 кв. 2023 года
"3-к. квартира, 80,5 м², 4/5 эт.",5956250,р-н Привокзальный,80.5,73991,3,кирпичный,5,3, 2 кв. 2023 года
"1-к. квартира, 41,3 м², 3/5 эт.",3322960,р-н Привокзальный,41.3,80459,1,кирпичный,5,4, 2 кв. 2023 года
"3-к. квартира, 83,7 м², 4/5 эт.",6188250,р-н Привокзальный,83.7,73934,3,кирпичный,5,3, 2 кв. 2023 года
"3-к. квартира, 81,1 м², 3/5 эт.",6080850,р-н Привокзальный,81.1,74980,3,кирпичный,5,3, 2 кв. 2023 года
"2-к. квартира, 66,1 м², 3/5 эт.",5001400,р-н Привокзальный,66.1,75664,2,кирпичный,5,2, 2 кв. 2023 года
"2-к. квартира, 65,9 м², 2/5 эт.",4920700,р-н Привокзальный,65.9,74669,2,монолитно-кирпичный,5,2, 2 кв. 2023 года
"2-к. квартира, 66,1 м², 2/5 эт.",4935300,р-н Привокзальный,66.1,74664,2,кирпичный,5,5, 2 кв. 2023 года
"1-к. квартира, 49,5 м², 5/5 эт.",3862000,р-н Привокзальный,49.5,78020,1,кирпичный,5,3, 2 кв. 2023 года
"2-к. квартира, 68,1 м², 3/5 эт.",5146440,р-н Привокзальный,68.1,75572,2,кирпичный,5,2, 2 кв. 2023 года
"2-к. квартира, 71,3 м², 2/5 эт.",5314900,р-н Привокзальный,71.3,74543,2,кирпичный,5,5, 2 кв. 2023 года
"2-к. квартира, 64 м², 5/5 эт.",4718000,р-н Привокзальный,64,73719,2,кирпичный,5,1, 2 кв. 2023 года
"3-к. квартира, 78,6 м², 1/5 эт.",5737040,р-н Привокзальный,78.6,72990,3,кирпичный,5,1, 2 кв. 2023 года
"3-к. квартира, 87 м², 1/5 эт.",6340500,р-н Привокзальный,87,72879,3,кирпичный,5,4, 2 кв. 2023 года
"3-к. квартира, 78,6 м², 4/5 эт.",5815600,р-н Привокзальный,78.6,73990,3,кирпичный,5,4, 2 кв. 2023 года
"1-к. квартира, 53,7 м², 4/5 эт.",4234900,р-н Привокзальный,53.7,78862,1,кирпичный,5,3, 2 кв. 2023 года
"1-к. квартира, 52,3 м², 3/5 эт.",4176280,р-н Привокзальный,52.3,79852,1,кирпичный,5,4, 2 кв. 2023 года
"3-к. квартира, 81,1 м², 4/5 эт.",5999750,р-н Привокзальный,81.1,73980,3,кирпичный,5,4, 2 кв. 2023 года
"2-к. квартира, 68,9 м², 4/5 эт.",5139700,р-н Привокзальный,68.9,74597,2,кирпичный,5,5, 2 кв. 2023 года
"2-к. квартира, 64 м², 5/5 эт.",4718000,р-н Привокзальный,64,73719,2,кирпичный,5,5, 2 кв. 2023 года
"2-к. квартира, 67,8 м², 5/5 эт.",4992320,р-н Привокзальный,67.8,73633,2,кирпичный,5,5, 2 кв. 2023 года
"2-к. квартира, 71,3 м², 5/5 эт.",5243600,р-н Привокзальный,71.3,73543,2,кирпичный,5,5, 2 кв. 2023 года
"2-к. квартира, 64 м², 5/5 эт.",4718000,р-н Привокзальный,64,73719,2,кирпичный,5,5, 2 кв. 2023 года
"1-к. квартира, 40 м², 5/5 эт.",3140760,р-н Привокзальный,40,78519,1,монолитно-кирпичный,5,3, 2 кв. 2023 года
"2-к. квартира, 64,2 м², 3/5 эт.",4857840,р-н Привокзальный,64.2,75667,2,кирпичный,5,3, 2 кв. 2023 года
"3-к. квартира, 89,6 м², 1/5 эт.",6526400,р-н Привокзальный,89.6,72839,3,кирпичный,5,1, 2 кв. 2023 года
"3-к. квартира, 80,5 м², 1/5 эт.",5875750,р-н Привокзальный,80.5,72991,3,кирпичный,5,1, 2 кв. 2023 года
"2-к. квартира, 67,8 м², 3/5 эт.",5127940,р-н Привокзальный,67.8,75633,2,кирпичный,5,3, 2 кв. 2023 года
"1-к. квартира, 40,5 м², 5/25 эт.",4010000,р-н Привокзальный,40.5,99012,1,монолитно-кирпичный,25,5, 4 кв. 2023 года
"1-к. квартира, 34,4 м², 12/25 эт.",3580720,р-н Привокзальный,34.4,104091,1,монолитно-кирпичный,25,12, 4 кв. 2023 года
"1-к. квартира, 34,8 м², 8/18 эт.",2800000,р-н Привокзальный,34.8,80460,1,монолитно-кирпичный,18,8, 4 кв. 2023 года
"2-к. квартира, 50,6 м², 6/25 эт.",4805000,р-н Привокзальный,50.6,94960,2,монолитно-кирпичный,25,6, 4 кв. 2023 года
"1-к. квартира, 34 м², 2/22 эт.",3580000,р-н Привокзальный,34,105294,1,монолитно-кирпичный,22,2, 3 кв. 2023 года
"Квартира-студия, 24,9 м², 3/22 эт.",3185920,р-н Привокзальный,44828,127949,0,монолитный,22,3, 3 кв. 2023 года
"1-к. квартира, 33,5 м², 6/22 эт.",3987690,р-н Привокзальный,33.5,119036,1,монолитный,22,6, 3 кв. 2023 года
"2-к. квартира, 57,9 м², 18/22 эт.",5848910,р-н Привокзальный,57.9,101017,2,монолитный,22,18, 3 кв. 2023 года
"1-к. квартира, 33,1 м², 22/22 эт.",3806500,р-н Привокзальный,33.1,115000,1,монолитный,22,22, 3 кв. 2023 года
"1-к. квартира, 34 м², 9/22 эт.",3380000,р-н Привокзальный,34,99412,1,монолитно-кирпичный,22,9, 3 кв. 2023 года
"1-к. квартира, 34,2 м², 17/22 эт.",3971840,р-н Привокзальный,34.2,116136,1,монолитный,22,17, 3 кв. 2023 года
"1-к. квартира, 33,3 м², 12/22 эт.",3820000,р-н Привокзальный,33.3,114715,1,монолитный,22,12, 3 кв. 2023 года
"2-к. квартира, 51,6 м², 14/22 эт.",5317890,р-н Привокзальный,51.6,103060,2,монолитный,22,14, 3 кв. 2023 года
"Квартира-студия, 25 м², 12/23 эт.",3150000,р-н Привокзальный,25,126000,0,монолитно-кирпичный,23,12, 3 кв. 2023 года
"Квартира-студия, 24,9 м², 9/22 эт.",3235700,р-н Привокзальный,44828,129948,0,монолитный,22,9, 3 кв. 2023 года
"1-к. квартира, 33,3 м², 11/22 эт.",3863960,р-н Привокзальный,33.3,116035,1,монолитный,22,11, 3 кв. 2023 года
"Квартира-студия, 24,7 м², 22/22 эт.",3159040,р-н Привокзальный,44766,127896,0,монолитный,22,22, 3 кв. 2023 года
"Квартира-студия, 24,8 м², 2/22 эт.",3222700,р-н Привокзальный,44797,129948,0,монолитный,22,2, 3 кв. 2023 года
"2-к. квартира, 47,3 м², 5/22 эт.",4635400,р-н Привокзальный,47.3,98000,2,монолитный,22,5, 3 кв. 2023 года
"1-к. квартира, 40,9 м², 2/9 эт.",3420000,р-н Привокзальный,40.9,83619,1,монолитно-кирпичный,9,2, 2 кв. 2024 года
"2-к. квартира, 62 м², 8/14 эт.",4890000,р-н Привокзальный,62,78871,2,монолитно-кирпичный,14,8, 2 кв. 2024 года
"1-к. квартира, 41,3 м², 11/14 эт.",3199000,р-н Привокзальный,41.3,77458,1,монолитно-кирпичный,14,11, 2 кв. 2024 года
"2-к. квартира, 57,1 м², 6/14 эт.",4249000,р-н Привокзальный,57.1,74413,2,монолитно-кирпичный,14,6, 2 кв. 2024 года
"1-к. квартира, 32,7 м², 4/14 эт.",2870000,р-н Привокзальный,32.7,87768,1,кирпичный,14,4, 2 кв. 2024 года
"1-к. квартира, 32,9 м², 4/14 эт.",2790000,р-н Привокзальный,32.9,84802,1,монолитно-кирпичный,14,4, 2 кв. 2024 года
"1-к. квартира, 41,3 м², 5/14 эт.",3199000,р-н Привокзальный,41.3,77458,1,монолитно-кирпичный,14,5, 2 кв. 2024 года
"1-к. квартира, 40,1 м², 12/14 эт.",3650000,р-н Привокзальный,40.1,91022,1,монолитный,14,12, 2 кв. 2024 года
"1-к. квартира, 41,3 м², 10/14 эт.",3199000,р-н Привокзальный,41.3,77458,1,монолитно-кирпичный,14,10, 2 кв. 2024 года
"3-к. квартира, 75,8 м², 5/14 эт.",6023180,р-н Привокзальный,75.8,79461,3,монолитный,14,5, 2 кв. 2024 года
"1-к. квартира, 37,7 м², 7/14 эт.",3300000,р-н Привокзальный,37.7,87533,1,монолитный,14,7, 2 кв. 2024 года
"Квартира-студия, 29,5 м², 5/8 эт.",3395950,р-н Пролетарский,44710,115117,0,монолитный,8,5, 3 кв. 2023 года
"2-к. квартира, 57,3 м², 2/8 эт.",5160600,р-н Пролетарский,57.3,90063,2,монолитный,8,2, 3 кв. 2023 года
"1-к. квартира, 39,9 м², 8/8 эт.",3787650,р-н Пролетарский,39.9,94929,1,монолитный,8,8, 3 кв. 2023 года
"1-к. квартира, 37,7 м², 6/8 эт.",3807700,р-н Пролетарский,37.7,101000,1,монолитный,8,6, 3 кв. 2023 года
"Квартира-студия, 30,8 м², 8/8 эт.",3477010,р-н Пролетарский,44803,112890,0,монолитный,8,8, 3 кв. 2023 года
"Квартира-студия, 29,5 м², 3/8 эт.",3336890,р-н Пролетарский,44710,113115,0,монолитный,8,3, 3 кв. 2023 года
"1-к. квартира, 39,6 м², 8/8 эт.",3796800,р-н Пролетарский,39.6,95879,1,монолитный,8,8, 3 кв. 2023 года
"2-к. квартира, 57,3 м², 3/8 эт.",5275280,р-н Пролетарский,57.3,92064,2,монолитный,8,3, 3 кв. 2023 года
"2-к. квартира, 57,3 м², 8/8 эт.",5045920,р-н Пролетарский,57.3,88061,2,монолитный,8,8, 3 кв. 2023 года
"2-к. квартира, 55,8 м², 8/8 эт.",4912160,р-н Пролетарский,55.8,88032,2,монолитный,8,8, 3 кв. 2023 года
"1-к. квартира, 37,7 м², 3/8 эт.",3807700,р-н Пролетарский,37.7,101000,1,монолитный,8,3, 3 кв. 2023 года
"Квартира-студия, 29,5 м², 4/8 эт.",3395950,р-н Пролетарский,44710,115117,0,монолитный,8,4, 3 кв. 2023 года
"1-к. квартира, 39,9 м², 7/8 эт.",3947130,р-н Пролетарский,39.9,98926,1,монолитный,8,7, 3 кв. 2023 года
"2-к. квартира, 55,8 м², 7/8 эт.",5023800,р-н Пролетарский,55.8,90032,2,монолитный,8,7, 3 кв. 2023 года
"1-к. квартира, 37,7 м², 2/8 эт.",3732300,р-н Пролетарский,37.7,99000,1,монолитный,8,2, 3 кв. 2023 года
"1-к. квартира, 39,6 м², 3/8 эт.",3955000,р-н Пролетарский,39.6,99874,1,монолитный,8,3, 3 кв. 2023 года
"1-к. квартира, 46,8 м², 1/8 эт.",4446950,р-н Пролетарский,46.8,95020,1,монолитный,8,1, 3 кв. 2023 года
"Квартира-студия, 29,5 м², 7/8 эт.",3366420,р-н Пролетарский,44710,114116,0,монолитный,8,7, 3 кв. 2023 года
"1-к. квартира, 39,9 м², 4/8 эт.",4026870,р-н Пролетарский,39.9,100924,1,монолитный,8,4, 3 кв. 2023 года
"Квартира-студия, 29,5 м², 8/8 эт.",3336890,р-н Пролетарский,44710,113115,0,монолитный,8,8, 3 кв. 2023 года
"1-к. квартира, 37,7 м², 7/8 эт.",3732300,р-н Пролетарский,37.7,99000,1,монолитный,8,7, 3 кв. 2023 года
"1-к. квартира, 37,7 м², 4/8 эт.",3807700,р-н Пролетарский,37.7,101000,1,монолитный,8,4, 3 кв. 2023 года
"Квартира-студия, 29,5 м², 6/8 эт.",3395950,р-н Пролетарский,44710,115117,0,монолитный,8,6, 3 кв. 2023 года
"2-к. квартира, 57,3 м², 4/8 эт.",5275280,р-н Пролетарский,57.3,92064,2,монолитный,8,4, 3 кв. 2023 года
"1-к. квартира, 38,3 м², 7/8 эт.",3791700,р-н Пролетарский,38.3,99000,1,монолитный,8,7, 3 кв. 2023 года
"Квартира-студия, 35,4 м², 1/8 эт.",3435740,р-н Пролетарский,35.4,97055,0,монолитный,8,1, 3 кв. 2023 года
"1-к. квартира, 38,3 м², 8/8 эт.",3715000,р-н Пролетарский,38.3,96997,1,монолитный,8,8, 3 кв. 2023 года
"Квартира-студия, 30,8 м², 2/8 эт.",3353930,р-н Пролетарский,44803,108894,0,монолитный,8,2, 3 кв. 2023 года
"1-к. квартира, 53,7 м², 1/8 эт.",5210840,р-н Пролетарский,53.7,97036,1,монолитный,8,1, 3 кв. 2023 года
"Квартира-студия, 29,5 м², 2/8 эт.",3218770,р-н Пролетарский,44710,109111,0,монолитный,8,2, 3 кв. 2023 года
"1-к. квартира, 39,9 м², 3/8 эт.",4026870,р-н Пролетарский,39.9,100924,1,монолитный,8,3, 3 кв. 2023 года
"1-к. квартира, 39,9 м², 7/8 эт.",3867390,р-н Пролетарский,39.9,96927,1,монолитный,8,7, 3 кв. 2023 года
"1-к. квартира, 37,7 м², 3/8 эт.",3807700,р-н Пролетарский,37.7,101000,1,монолитный,8,3, 3 кв. 2023 года
"1-к. квартира, 37,7 м², 5/8 эт.",3807700,р-н Пролетарский,37.7,101000,1,монолитный,8,5, 3 кв. 2023 года
"1-к. квартира, 39,6 м², 6/8 эт.",3955000,р-н Пролетарский,39.6,99874,1,монолитный,8,6, 3 кв. 2023 года
"1-к. квартира, 37,7 м², 8/8 эт.",3656900,р-н Пролетарский,37.7,97000,1,монолитный,8,8, 3 кв. 2023 года
"2-к. квартира, 55,8 м², 3/8 эт.",5135440,р-н Пролетарский,55.8,92033,2,монолитный,8,3, 3 кв. 2023 года
"Квартира-студия, 25 м², 4/5 эт.",2250000,р-н Пролетарский,25,90000,0,монолитно-кирпичный,5,4, 3 кв. 2023 года
"1-к. квартира, 40,2 м², 2/5 эт.",3100000,р-н Пролетарский,40.2,77114,1,монолитно-кирпичный,5,2, 3 кв. 2023 года
"Квартира-студия, 26,9 м², 8/25 эт.",2600000,р-н Привокзальный,44830,96654,0,монолитно-кирпичный,25,8, 4 кв. 2024 года
"1-к. квартира, 34,4 м², 8/25 эт.",3299000,р-н Привокзальный,34.4,95901,1,монолитный,25,8, 3 кв. 2023 года
"2-к. квартира, 34,8 м², 4/18 эт.",3400000,р-н Привокзальный,34.8,97701,2,монолитно-кирпичный,18,4, 3 кв. 2023 года
"Квартира-студия, 27 м², 11/18 эт.",2670000,р-н Привокзальный,27,98889,0,монолитный,18,11, 3 кв. 2023 года
"2-к. квартира, 59,4 м², 13/22 эт.",4452000,р-н Привокзальный,59.4,74949,2,кирпичный,22,13, 3 кв. 2023 года
"1-к. квартира, 41,5 м², 4/16 эт.",5000212,р-н Привокзальный,41.5,120487,1,монолитно-кирпичный,16,4, сдан
"1-к. квартира, 45 м², 9/16 эт.",5100000,р-н Привокзальный,45,113333,1,монолитный,16,9, 3 кв. 2022 года
"2-к. квартира, 48,4 м², 14/16 эт.",5400000,р-н Привокзальный,48.4,111570,2,монолитный,16,14, 3 кв. 2022 года
"3-к. квартира, 81,8 м², 6/16 эт.",8838720,р-н Привокзальный,81.8,108053,3,кирпичный,16,6, 3 кв. 2022 года
"1-к. квартира, 32 м², 2/3 эт.",2900000,р-н Привокзальный,32,90625,1,кирпичный,3,2, сдан
"2-к. квартира, 46,5 м², 1/3 эт.",4617450,р-н Привокзальный,46.5,99300,2,кирпичный,3,1, сдан
"1-к. квартира, 39,8 м², 3/3 эт.",3840600,р-н Привокзальный,39.8,96497,1,кирпичный,3,3, сдан
"1-к. квартира, 35,8 м², 1/3 эт.",2149000,р-н Привокзальный,35.8,60028,1,кирпичный,3,1, 1 кв. 2024 года
"2-к. квартира, 57,9 м², 9/10 эт.",3300300,р-н Привокзальный,57.9,57000,2,кирпичный,10,9, 1 кв. 2024 года
"2-к. квартира, 59,8 м², 10/10 эт.",3348800,р-н Привокзальный,59.8,56000,2,кирпичный,10,10, 1 кв. 2024 года
"1-к. квартира, 41,5 м², 3/10 эт.",2365500,р-н Привокзальный,41.5,57000,1,кирпичный,10,3, 1 кв. 2024 года
"1-к. квартира, 44 м², 10/15 эт.",4800000,р-н Пролетарский,44,109091,1,монолитно-кирпичный,15,10, сдан
"2-к. квартира, 47 м², 9/17 эт.",4100000,р-н Зареченский,47,87234,2,монолитный,17,9, сдан
"2-к. квартира, 47,1 м², 15/18 эт.",4150000,р-н Зареченский,47.1,88110,2,монолитно-кирпичный,18,15, 2 кв. 2024 года
"1-к. квартира, 47,6 м², 12/18 эт.",4570000,р-н Зареченский,47.6,96008,1,монолитный,18,12, 2 кв. 2023 года
"1-к. квартира, 47 м², 14/17 эт.",4730000,р-н Зареченский,47,100638,1,монолитный,17,14, сдан
"2-к. квартира, 70,5 м², 4/18 эт.",6696335,р-н Зареченский,70.5,94983,2,монолитно-кирпичный,18,4, 2 кв. 2023 года
"Квартира-студия, 32 м², 10/18 эт.",3249000,р-н Зареченский,32,101531,0,кирпичный,18,10, сдан
"1-к. квартира, 35,7 м², 1/3 эт.",2550000,р-н Привокзальный,35.7,71429,1,кирпичный,3,1, 2 кв. 2022 года
"2-к. квартира, 63 м², 2/5 эт.",4900000,р-н Пролетарский,63,77778,2,монолитно-кирпичный,5,2," 4 кв. 2021 года, сдача не подтверждена"
"1-к. квартира, 42,8 м², 3/5 эт.",3160000,р-н Пролетарский,42.8,73832,1,монолитно-кирпичный,5,3," 4 кв. 2021 года, сдача не подтверждена"
"2-к. квартира, 57,2 м², 6/9 эт.",5000000,р-н Привокзальный,57.2,87413,2,монолитный,9,6, 4 кв. 2023 года
"2-к. квартира, 48,5 м², 8/9 эт.",3970000,р-н Привокзальный,48.5,81856,2,монолитный,9,8, 4 кв. 2023 года
"2-к. квартира, 57,2 м², 3/9 эт.",4300000,р-н Привокзальный,57.2,75175,2,монолитно-кирпичный,9,3, 4 кв. 2023 года
"2-к. квартира, 57,7 м², 10/17 эт.",5135300,р-н Зареченский,57.7,89000,2,монолитный,17,10, 1 кв. 2024 года
"2-к. квартира, 58,2 м², 4/17 эт.",4830600,р-н Зареченский,58.2,83000,2,монолитный,17,4, 1 кв. 2024 года
"1-к. квартира, 39,8 м², 3/17 эт.",3940200,р-н Зареченский,39.8,99000,1,монолитный,17,3, 1 кв. 2024 года
"2-к. квартира, 58,8 м², 15/17 эт.",5174400,р-н Зареченский,58.8,88000,2,монолитный,17,15, 1 кв. 2024 года
"3-к. квартира, 141 м², 2/13 эт.",21180000,р-н Центральный,141,150213,3,монолитно-кирпичный,13,2, сдан
"Квартира-студия, 24,4 м², 11/17 эт.",2586400,р-н Зареченский,44675,106000,0,монолитный,17,11, 1 кв. 2024 года
"3-к. квартира, 68,4 м², 17/17 эт.",5677200,р-н Зареченский,68.4,83000,3,монолитный,17,17, 1 кв. 2024 года
"2-к. квартира, 57,7 м², 12/14 эт.",4340000,р-н Зареченский,57.7,75217,2,монолитно-кирпичный,14,12, 2 кв. 2022 года
"Квартира-студия, 24,4 м², 17/17 эт.",2586400,р-н Зареченский,44675,106000,0,монолитный,17,17, 1 кв. 2024 года
"2-к. квартира, 57,7 м², 12/17 эт.",4846800,р-н Зареченский,57.7,84000,2,монолитный,17,12, 1 кв. 2024 года
"1-к. квартира, 39,3 м², 6/17 эт.",3910350,р-н Зареченский,39.3,99500,1,монолитный,17,6, 1 кв. 2024 года
"3-к. квартира, 68,4 м², 12/17 эт.",5677200,р-н Зареченский,68.4,83000,3,монолитный,17,12, 1 кв. 2024 года
"1-к. квартира, 34,3 м², 2/13 эт.",3300000,р-н Зареченский,34.3,96210,1,монолитный,13,2, 2 кв. 2022 года
"2-к. квартира, 58,8 м², 13/17 эт.",5174400,р-н Зареченский,58.8,88000,2,монолитный,17,13, 1 кв. 2024 года
"Квартира-студия, 24,4 м², 13/17 эт.",2586400,р-н Зареченский,44675,106000,0,монолитный,17,13, 1 кв. 2024 года
"2-к. квартира, 57,7 м², 14/17 эт.",4846800,р-н Зареченский,57.7,84000,2,монолитный,17,14, 1 кв. 2024 года
"2-к. квартира, 57,8 м², 6/13 эт.",4768500,р-н Зареченский,57.8,82500,2,монолитный,13,6, 2 кв. 2023 года
"1-к. квартира, 39,2 м², 13/14 эт.",3580000,р-н Зареченский,39.2,91327,1,монолитный,14,13, 4 кв. 2022 года
"2-к. квартира, 56,2 м², 2/17 эт.",4945600,р-н Зареченский,56.2,88000,2,монолитный,17,2, 1 кв. 2024 года
"2-к. квартира, 58,8 м², 17/17 эт.",5174400,р-н Зареченский,58.8,88000,2,монолитный,17,17, 1 кв. 2024 года
"1-к. квартира, 34,3 м², 3/17 эт.",3395700,р-н Зареченский,34.3,99000,1,монолитный,17,3, 1 кв. 2024 года
"1-к. квартира, 34 м², 16/17 эт.",3400000,р-н Зареченский,34,100000,1,монолитный,17,16, 1 кв. 2024 года
"2-к. квартира, 59,6 м², 14/17 эт.",5185200,р-н Зареченский,59.6,87000,2,монолитный,17,14, 1 кв. 2024 года
"3-к. квартира, 68,4 м², 17/17 эт.",5403600,р-н Зареченский,68.4,79000,3,монолитный,17,17, 1 кв. 2024 года
"1-к. квартира, 34 м², 14/17 эт.",3400000,р-н Зареченский,34,100000,1,монолитный,17,14, 1 кв. 2024 года
"2-к. квартира, 57,7 м², 12/17 эт.",5135300,р-н Зареченский,57.7,89000,2,монолитный,17,12, 1 кв. 2024 года
"3-к. квартира, 68,5 м², 6/17 эт.",5377250,р-н Зареченский,68.5,78500,3,монолитный,17,6, 1 кв. 2024 года
"3-к. квартира, 68,4 м², 15/17 эт.",5677200,р-н Зареченский,68.4,83000,3,монолитный,17,15, 1 кв. 2024 года
"2-к. квартира, 57,7 м², 14/17 эт.",5135300,р-н Зареченский,57.7,89000,2,монолитный,17,14, 1 кв. 2024 года
"1-к. квартира, 34 м², 17/17 эт.",3400000,р-н Зареченский,34,100000,1,монолитный,17,17, 1 кв. 2024 года
"1-к. квартира, 34 м², 17/17 эт.",3400000,р-н Зареченский,34,100000,1,монолитный,17,17, 1 кв. 2024 года
"3-к. квартира, 68,1 м², 11/14 эт.",5150000,р-н Зареченский,68.1,75624,3,монолитно-кирпичный,14,11, 2 кв. 2022 года
"3-к. квартира, 68,4 м², 15/17 эт.",5403600,р-н Зареченский,68.4,79000,3,монолитный,17,15, 1 кв. 2024 года
"Квартира-студия, 24,2 м², 2/17 эт.",2541000,р-н Зареченский,44616,105000,0,монолитный,17,2, 1 кв. 2024 года
"3-к. квартира, 66,2 м², 2/17 эт.",5428400,р-н Зареченский,66.2,82000,3,монолитный,17,2, 1 кв. 2024 года
"1-к. квартира, 39,2 м², 17/17 эт.",3920000,р-н Зареченский,39.2,100000,1,монолитный,17,17, 1 кв. 2024 года
"Квартира-студия, 24,6 м², 6/17 эт.",2583000,р-н Зареченский,44736,105000,0,монолитный,17,6, 1 кв. 2024 года
"Квартира-студия, 24,4 м², 12/17 эт.",2586400,р-н Зареченский,44675,106000,0,монолитный,17,12, 1 кв. 2024 года
"2-к. квартира, 57,7 м², 13/17 эт.",5135300,р-н Зареченский,57.7,89000,2,монолитный,17,13, 1 кв. 2024 года
"3-к. квартира, 68,5 м², 7/17 эт.",5377250,р-н Зареченский,68.5,78500,3,монолитный,17,7, 1 кв. 2024 года
"3-к. квартира, 68,4 м², 13/17 эт.",5403600,р-н Зареченский,68.4,79000,3,монолитный,17,13, 1 кв. 2024 года
"2-к. квартира, 57,8 м², 8/17 эт.",4826300,р-н Зареченский,57.8,83500,2,монолитный,17,8, 1 кв. 2024 года
"1-к. квартира, 39,3 м², 9/17 эт.",3910350,р-н Зареченский,39.3,99500,1,монолитный,17,9, 1 кв. 2024 года
"3-к. квартира, 68,9 м², 4/17 эт.",5649800,р-н Зареченский,68.9,82000,3,монолитный,17,4, 1 кв. 2024 года
"2-к. квартира, 58,8 м², 12/17 эт.",5174400,р-н Зареченский,58.8,88000,2,монолитный,17,12, 1 кв. 2024 года
"2-к. квартира, 58,2 м², 5/17 эт.",5121600,р-н Зареченский,58.2,88000,2,монолитный,17,5, 1 кв. 2024 года
"1-к. квартира, 34,2 м², 6/17 эт.",3402900,р-н Зареченский,34.2,99500,1,монолитный,17,6, 1 кв. 2024 года
"1-к. квартира, 38,7 м², 2/17 эт.",3831300,р-н Зареченский,38.7,99000,1,монолитный,17,2, 1 кв. 2024 года
"Квартира-студия, 24,4 м², 14/17 эт.",2586400,р-н Зареченский,44675,106000,0,монолитный,17,14, 1 кв. 2024 года
"2-к. квартира, 58,8 м², 7/17 эт.",5203800,р-н Зареченский,58.8,88500,2,монолитный,17,7, 1 кв. 2024 года
"2-к. квартира, 57,7 м², 15/17 эт.",5135300,р-н Зареченский,57.7,89000,2,монолитный,17,15, 1 кв. 2024 года
"3-к. квартира, 66,2 м², 2/17 эт.",5163600,р-н Зареченский,66.2,78000,3,монолитный,17,2, 1 кв. 2024 года
"2-к. квартира, 59,6 м², 10/17 эт.",5185200,р-н Зареченский,59.6,87000,2,монолитный,17,10, 1 кв. 2024 года
"1-к. квартира, 34,3 м², 4/17 эт.",3395700,р-н Зареченский,34.3,99000,1,монолитный,17,4, 1 кв. 2024 года
"Квартира-студия, 24,6 м², 5/17 эт.",2583000,р-н Зареченский,44736,105000,0,монолитный,17,5, 1 кв. 2024 года
"Квартира-студия, 24,6 м², 9/17 эт.",2583000,р-н Зареченский,44736,105000,0,монолитный,17,9, 1 кв. 2024 года
"1-к. квартира, 39,2 м², 14/17 эт.",3920000,р-н Зареченский,39.2,100000,1,монолитный,17,14, 1 кв. 2024 года
"1-к. квартира, 39,8 м², 5/17 эт.",3940200,р-н Зареченский,39.8,99000,1,монолитный,17,5, 1 кв. 2024 года
"3-к. квартира, 68,4 м², 16/17 эт.",5677200,р-н Зареченский,68.4,83000,3,монолитный,17,16, 1 кв. 2024 года
"1-к. квартира, 39,3 м², 7/17 эт.",3910350,р-н Зареченский,39.3,99500,1,монолитный,17,7, 1 кв. 2024 года
"2-к. квартира, 59,6 м², 7/17 эт.",5155400,р-н Зареченский,59.6,86500,2,монолитный,17,7, 1 кв. 2024 года
"2-к. квартира, 56,1 м², 2/17 эт.",4656300,р-н Зареченский,56.1,83000,2,монолитный,17,2, 1 кв. 2024 года
"1-к. квартира, 39,3 м², 8/17 эт.",3910350,р-н Зареченский,39.3,99500,1,монолитный,17,8, 1 кв. 2024 года
"2-к. квартира, 59,6 м², 6/17 эт.",5155400,р-н Зареченский,59.6,86500,2,монолитный,17,6, 1 кв. 2024 года
"Квартира-студия, 24,6 м², 7/17 эт.",2583000,р-н Зареченский,44736,105000,0,монолитный,17,7, 1 кв. 2024 года
"3-к. квартира, 68,5 м², 9/17 эт.",5377250,р-н Зареченский,68.5,78500,3,монолитный,17,9, 1 кв. 2024 года
"1-к. квартира, 33,8 м², 2/17 эт.",3346200,р-н Зареченский,33.8,99000,1,монолитный,17,2, 1 кв. 2024 года
"1-к. квартира, 39,2 м², 16/17 эт.",3920000,р-н Зареченский,39.2,100000,1,монолитный,17,16, 1 кв. 2024 года
"2-к. квартира, 58,8 м², 9/17 эт.",5145000,р-н Зареченский,58.8,87500,2,монолитный,17,9, 1 кв. 2024 года
"Квартира-студия, 24,8 м², 1/17 эт.",2604000,р-н Зареченский,44797,105000,0,монолитный,17,1, 1 кв. 2024 года
"2-к. квартира, 59,2 м², 2/17 эт.",5091200,р-н Зареченский,59.2,86000,2,монолитный,17,2, 1 кв. 2024 года
"3-к. квартира, 68,5 м², 8/17 эт.",5377250,р-н Зареченский,68.5,78500,3,монолитный,17,8, 1 кв. 2024 года
"2-к. квартира, 57,8 м², 6/17 эт.",4826300,р-н Зареченский,57.8,83500,2,монолитный,17,6, 1 кв. 2024 года
"2-к. квартира, 59,6 м², 12/13 эт.",4800000,р-н Зареченский,59.6,80537,2,монолитный,13,12, 4 кв. 2022 года
"3-к. квартира, 68,4 м², 11/17 эт.",5677200,р-н Зареченский,68.4,83000,3,монолитный,17,11, 1 кв. 2024 года
"Квартира-студия, 24,4 м², 16/17 эт.",2586400,р-н Зареченский,44675,106000,0,монолитный,17,16, 1 кв. 2024 года
"2-к. квартира, 65 м², 1/17 эт.",6175000,р-н Зареченский,65,95000,2,монолитный,17,1, 1 кв. 2024 года
"1-к. квартира, 44 м², 4/17 эт.",3790000,р-н Пролетарский,44,86136,1,панельный,17,4, сдан